{"presets":{"Minimal":{"content_bg_colour":"#f6f6f6","content_header_colour":"#333333","content_text_colour":"#666666","content_link_colour":"#666666","content_link_hover_colour":"#6db038","content_secondary_colour":"#dddddd","cart_header_colour":"#d6d6d6","sale_background_color":"#444444","sale_text_color":"#ffffff","header_font":"BebasNeueRegular, arial, sans-serif","general_font":"Helvetica, Arial, sans-serif","general_font_size":"13px","btn_colour":"#666666","btn_text_colour":"#ffffff","btn_hover_colour":"#6db038","btn_hover_text_colour":"#ffffff","use_diagonal":true,"diagonal_colour":"diagonal-light-grey.png","body_bg_img":"none","body_bg_alignment":"center","bg_colour":"#ffffff","logo_image":"nologo.png","logo_colour":"#333333","logo_hover_colour":"#6db038","header_font_size":"48px","header_font_style":"normal","cart_bg_colour":"#eeeeee","cart_link_colour":"#666666","cart_link_hover_colour":"#6db038","cart_divider_colour":"#cccccc","cart_icon_colour":"black","nav_font_size":"24px","nav_font_style":"normal","nav_link_colour":"#666666","nav_hover_colour":"#6db038","nav_divider_colour":"#dddddd","dropdown_bg_colour":"#ffffff","dropdown_brd_colour":"#dddddd","show_header_search":true,"header_search_border_colour":"#dddddd","search_icon_colour":"black","home_page":"frontpage","feature_collections_on_homepage":false,"feature_collections_on_homepage_heading":"Shop by categories","use_linklist_for_categories":false,"linklist_for_categories":"","home_featured_product_font_size":"24px","home_featured_product_font_style":"normal","home_featured_collection":"frontpage","home_featured_header_show":false,"show_featured_desc":true,"home_products_collection":"frontpage","home_products_limit":"4","show_carousel":true,"carousel_height":"300","carousel_button_colour":"#ffffff","carousel_arrow_colour":"#cccccc","carousel_button_hover_colour":"#dddddd","carousel_arrow_hover_colour":"#666666","show_carousel_dots":false,"carousel_dots_colour":"#000000","carousel_dots_active_colour":"#bbbbbb","show_carousel_item_1":true,"carousel_item_1_link":"","show_carousel_item_2":true,"carousel_item_2_link":"","show_carousel_item_3":true,"carousel_item_3_link":"","show_carousel_item_4":false,"carousel_item_4_link":"","show_carousel_item_5":false,"carousel_item_5_link":"","show_carousel_item_6":false,"carousel_item_6_link":"","show_right_column":true,"widget_title_colour":"#333333","widget_title_font_size":"24px","widget_title_font_style":"normal","widget_text_colour":"#666666","widget_bg_colour":"#ffffff","widget_link_colour":"#333333","widget_link_hover_colour":"#6db038","widget_divider_colour":"#cccccc","textwidget_visible":false,"textwidget_title":"Welcome","textwidget_content":"Lorem ipsum dolor sit amet, consectetur adipiscing elit. Aenean pharetra, ligula non mollis pretium, lectus libero sodales augue, interdum auctor mauris dui non risus. Nulla facilisi. Nunc rutrum diam in elit sagittis eget viverra erat viverra. Morbi imperdiet aliquet libero vel rhoncus. Integer.","twitterwidget_visible":true,"twitterwidget_title":"Latest Tweets","twitterwidget_username":"shopify","twitterwidget_numtweets":"4","show_allcollections_widget":true,"allcollections_title":"Product Categories","show_vendors_widget":false,"vendors_widget_title":"Vendors","show_widget_linklist1":false,"widget_linklist1":"","show_widget_linklist2":false,"widget_linklist2":"","show_widget_linklist3":false,"widget_linklist3":"","grid_header_colour":"#666666","grid_header_font_size":"24px","grid_header_font_style":"normal","grid_bg_colour":"#f6f6f6","grid_text_colour":"#666666","grid_link_colour":"#333333","grid_link_hover_colour":"#6db038","grid_price_colour":"#333333","grid_price_background_colour":"#ffffff","show_vendor":false,"main_image_display":"Zoom-in","product_name_font_size":"24px","product_name_font_style":"bold italic","added_to_cart_bg":"#fff7a0","product_price_colour":"#6db038","share_prod_on_twitter":true,"share_prod_on_facebook":true,"share_prod_on_googleplus":false,"productspg_related_products":true,"productspg_featured_collection":"frontpage","productspg_featured_collection_heading":"","productspg_featured_limit":"4","allow_note":true,"comment_bg":"#ffffff","comment_text_colour":"#666666","comment_author_colour":"#333333","comment_date_colour":"#cccccc","footer_bg_colour":"#ffffff","footer_txt_colour":"#999999","footer_link_colour":"#999999","footer_link_hover_colour":"#6db038","footer_linklist":"footer","sm_colour":"black","sm_facebook":true,"sm_facebook_link":"http://www.facebook.com","sm_twitter":true,"sm_twitter_link":"http://www.twitter.com","sm_youtube":true,"sm_youtube_link":"http://www.youtube.com","sm_flickr":true,"sm_flickr_link":"http://www.flickr.com","show_amex":true,"show_discover":true,"show_visa":true,"show_mastercard":true,"show_maestro":true,"show_cirrus":true,"show_paypal":true,"show_google":true,"customer_layout":"theme"},"Sky":{"header_font":"BebasNeueRegular, arial, sans-serif","sm_twitter":true,"show_widget_linklist3":false,"header_search_border_colour":"#bde4ea","footer_txt_colour":"#cccccc","textwidget_title":"Welcome","body_bg_img":"variant-sky-bg.jpg","logo_image":"nologo.png","logo_hover_colour":"#439eab","content_link_colour":"#666666","twitterwidget_numtweets":"4","comment_text_colour":"#666666","footer_link_colour":"#aaaaaa","search_icon_colour":"black","content_text_colour":"#6a6a6a","widget_title_colour":"#666666","sm_facebook_link":"http://www.facebook.com","productspg_featured_limit":"4","grid_link_colour":"#4f5555","cart_link_hover_colour":"#ffffff","widget_divider_colour":"#cccccc","home_products_collection":"frontpage","widget_text_colour":"#999999","btn_hover_colour":"#439eab","textwidget_visible":true,"nav_link_colour":"#4f5555","grid_text_colour":"#666666","show_right_column":true,"cart_icon_colour":"white","carousel_item_3_link":"","widget_title_font_size":"24px","comment_bg":"#eeeeee","sm_youtube_link":"http://www.youtube.com","general_font_size":"13px","sm_facebook":true,"allcollections_title":"Product Categories","widget_title_font_style":"normal","btn_text_colour":"#4f5555","show_vendors_widget":false,"nav_font_style":"normal","carousel_item_6_link":"","allow_note":false,"dropdown_bg_colour":"#ffffff","cart_link_colour":"#dddddd","footer_bg_colour":"#f9f9f9","sm_flickr":true,"widget_link_hover_colour":"#439eab","nav_font_size":"24px","cart_bg_colour":"#4f5555","twitterwidget_username":"shopify","carousel_item_2_link":"","twitterwidget_visible":true,"header_font_style":"normal","content_link_hover_colour":"#439eab","body_bg_alignment":"center","show_featured_desc":true,"grid_link_hover_colour":"#498c95","home_products_limit":"4","content_header_colour":"#4e4e4e","twitterwidget_title":"Latest Tweets","content_secondary_colour":"#dddddd","diagonal_colour":"diagonal-light-grey.png","cart_header_colour":"#eeeeee","show_carousel_item_1":true,"carousel_item_5_link":"","added_to_cart_bg":"#eeeeee","grid_header_colour":"#4f5555","grid_header_font_size":"24px","show_carousel_item_2":true,"show_vendor":false,"widget_bg_colour":"#f9f9f9","sm_twitter_link":"http://www.twitter.com","show_carousel_item_3":true,"customer_layout":"theme","product_name_font_size":"24px","show_header_search":true,"dropdown_brd_colour":"#cccccc","content_bg_colour":"#ffffff","show_carousel_item_4":false,"carousel_item_1_link":"","widget_linklist1":"","carousel_button_hover_colour":"#1D1F20","widget_link_colour":"#999999","show_carousel":false,"show_carousel_item_5":false,"grid_bg_colour":"#f6f6f6","widget_linklist2":"","textwidget_content":"Lorem ipsum dolor sit amet, consectetur adipiscing elit. Aenean pharetra, ligula non mollis pretium, lectus libero sodales augue, interdum auctor mauris dui non risus. Nulla facilisi. Nunc rutrum diam in elit sagittis eget viverra erat viverra. Morbi imperdiet aliquet libero vel rhoncus. Integer.","home_featured_product_font_style":"normal","show_carousel_item_6":false,"footer_link_hover_colour":"#498c95","vendors_widget_title":"Vendors","carousel_button_colour":"#3A3D3F","grid_price_background_colour":"#f3fcff","btn_hover_text_colour":"#ffffff","grid_price_colour":"#4f5555","nav_divider_colour":"#bde4ea","product_price_colour":"#439eab","share_prod_on_twitter":true,"sm_colour":"black","home_featured_header_show":false,"widget_linklist3":"","home_featured_product_font_size":"24px","productspg_featured_collection":"frontpage","use_diagonal":true,"general_font":"Helvetica, Arial, sans-serif","share_prod_on_facebook":true,"carousel_arrow_colour":"#afafaf","sm_flickr_link":"http://www.flickr.com","footer_linklist":"footer","carousel_item_4_link":"","comment_author_colour":"#439eab","product_name_font_style":"normal","sm_youtube":true,"share_prod_on_googleplus":false,"header_font_size":"48px","logo_colour":"#498c95","btn_colour":"#cccccc","grid_header_font_style":"normal","bg_colour":"#ffffff","show_allcollections_widget":true,"carousel_arrow_hover_colour":"#ffffff","cart_divider_colour":"#6b7676","nav_hover_colour":"#439eab","home_featured_collection":"frontpage","show_widget_linklist1":false,"comment_date_colour":"#cccccc","carousel_height":"300","show_widget_linklist2":false,"sale_background_color":"#444444","sale_text_color":"#ffffff"},"Wood":{"header_font":"BebasNeueRegular, arial, sans-serif","sm_twitter":true,"show_widget_linklist3":false,"header_search_border_colour":"#9b835e","footer_txt_colour":"#f3e7d5","textwidget_title":"Welcome","body_bg_img":"variant-wood-bg-oak.jpg","logo_image":"nologo.png","logo_hover_colour":"#fffadd","content_link_colour":"#564e41","twitterwidget_numtweets":"4","comment_text_colour":"#534c40","footer_link_colour":"#f3e7d5","search_icon_colour":"white","content_text_colour":"#6e6454","widget_title_colour":"#f3e7d5","sm_facebook_link":"http://www.facebook.com","productspg_featured_limit":"4","grid_link_colour":"#f3e7d5","cart_link_hover_colour":"#ffffff","widget_divider_colour":"#715f46","home_products_collection":"frontpage","widget_text_colour":"#e8dcca","btn_hover_colour":"#d7185c","textwidget_visible":false,"nav_link_colour":"#ffffff","grid_text_colour":"#f3e7d5","show_right_column":false,"cart_icon_colour":"white","carousel_item_3_link":"","widget_title_font_size":"24px","comment_bg":"#f3e7d5","sm_youtube_link":"http://www.youtube.com","general_font_size":"13px","sm_facebook":true,"allcollections_title":"Product Categories","widget_title_font_style":"normal","btn_text_colour":"#f3e7d5","show_vendors_widget":false,"nav_font_style":"normal","carousel_item_6_link":"","allow_note":false,"dropdown_bg_colour":"#8a7555","cart_link_colour":"#e8dcca","footer_bg_colour":"#443827","sm_flickr":true,"widget_link_hover_colour":"#ffffff","nav_font_size":"24px","cart_bg_colour":"#443827","twitterwidget_username":"shopify","carousel_item_2_link":"","twitterwidget_visible":false,"header_font_style":"normal","content_link_hover_colour":"#d7185c","body_bg_alignment":"tile","show_featured_desc":false,"grid_link_hover_colour":"#ffffff","home_products_limit":"4","content_header_colour":"#d7185c","twitterwidget_title":"Latest Tweets","content_secondary_colour":"#b6a285","diagonal_colour":"diagonal-white.png","cart_header_colour":"#d5c7b3","show_carousel_item_1":true,"carousel_item_5_link":"","added_to_cart_bg":"#d5c7b3","grid_header_colour":"#ffffff","grid_header_font_size":"24px","show_carousel_item_2":true,"show_vendor":false,"widget_bg_colour":"#443827","sm_twitter_link":"http://www.twitter.com","show_carousel_item_3":true,"customer_layout":"theme","product_name_font_size":"24px","show_header_search":false,"dropdown_brd_colour":"#8a7555","content_bg_colour":"#ffffff","show_carousel_item_4":false,"carousel_item_1_link":"","widget_linklist1":"","carousel_button_hover_colour":"#f3e7d5","widget_link_colour":"#e8dcca","show_carousel":true,"show_carousel_item_5":false,"grid_bg_colour":"#8a7555","widget_linklist2":"","textwidget_content":"Lorem ipsum dolor sit amet, consectetur adipiscing elit. Aenean pharetra, ligula non mollis pretium, lectus libero sodales augue, interdum auctor mauris dui non risus. Nulla facilisi. Nunc rutrum diam in elit sagittis eget viverra erat viverra. Morbi imperdiet aliquet libero vel rhoncus. Integer.","home_featured_product_font_style":"normal","show_carousel_item_6":false,"footer_link_hover_colour":"#ffffff","vendors_widget_title":"Vendors","carousel_button_colour":"#443827","grid_price_background_colour":"#fff8cf","btn_hover_text_colour":"#ffffff","grid_price_colour":"#d7185c","nav_divider_colour":"#9b835e","product_price_colour":"#d7185c","share_prod_on_twitter":true,"sm_colour":"white","home_featured_header_show":true,"widget_linklist3":"","home_featured_product_font_size":"24px","productspg_featured_collection":"frontpage","use_diagonal":true,"general_font":"Helvetica, Arial, sans-serif","share_prod_on_facebook":true,"carousel_arrow_colour":"#f3e7d5","sm_flickr_link":"http://www.flickr.com","footer_linklist":"footer","carousel_item_4_link":"","comment_author_colour":"#9a8361","product_name_font_style":"normal","sm_youtube":true,"bg_colour":"#63543c","grid_header_font_style":"normal","btn_colour":"#9a8361","logo_colour":"#ffe86b","header_font_size":"48px","share_prod_on_googleplus":false,"cart_divider_colour":"#66563f","carousel_arrow_hover_colour":"#d7185c","show_allcollections_widget":false,"show_widget_linklist1":false,"home_featured_collection":"frontpage","nav_hover_colour":"#ffffff","show_widget_linklist2":false,"carousel_height":"300","comment_date_colour":"#9a8361","sale_background_color":"#444444","sale_text_color":"#ffffff"},"Slate":{"header_font":"BebasNeueRegular, arial, sans-serif","sm_twitter":true,"show_widget_linklist3":false,"header_search_border_colour":"#E7E7CE","footer_txt_colour":"#777777","textwidget_title":"Welcome","body_bg_img":"variant-slate-bg-warm.jpg","logo_image":"nologo.png","logo_hover_colour":"#554B60","content_link_colour":"#dddddd","twitterwidget_numtweets":"4","comment_text_colour":"#AFAFAF","footer_link_colour":"#AFAFAF","search_icon_colour":"black","content_text_colour":"#afafaf","widget_title_colour":"#ffffff","sm_facebook_link":"http://www.facebook.com","productspg_featured_limit":"4","grid_link_colour":"#dddddd","cart_link_hover_colour":"#ffffff","widget_divider_colour":"#3A3D3F","home_products_collection":"frontpage","widget_text_colour":"#AFAFAF","btn_hover_colour":"#FCF3C1","textwidget_visible":false,"nav_link_colour":"#554b60","grid_text_colour":"#aaaaaa","show_right_column":true,"cart_icon_colour":"white","carousel_item_3_link":"","widget_title_font_size":"24px","comment_bg":"#1D1F20","sm_youtube_link":"http://www.youtube.com","general_font_size":"13px","sm_facebook":true,"allcollections_title":"Product Categories","widget_title_font_style":"normal","btn_text_colour":"#ffffff","show_vendors_widget":false,"nav_font_style":"normal","carousel_item_6_link":"","allow_note":true,"dropdown_bg_colour":"#ffffff","cart_link_colour":"#afafaf","footer_bg_colour":"#3A3D3F","sm_flickr":true,"widget_link_hover_colour":"#ffffff","nav_font_size":"24px","cart_bg_colour":"#282C2E","twitterwidget_username":"shopify","carousel_item_2_link":"","twitterwidget_visible":true,"header_font_style":"normal","content_link_hover_colour":"#ffffff","body_bg_alignment":"center","show_featured_desc":true,"grid_link_hover_colour":"#ffffff","home_products_limit":"4","content_header_colour":"#ffffff","twitterwidget_title":"Latest Tweets","content_secondary_colour":"#41474a","diagonal_colour":"diagonal-white.png","cart_header_colour":"#1d1f20","show_carousel_item_1":true,"carousel_item_5_link":"","added_to_cart_bg":"#1D1F20","grid_header_colour":"#ffffff","grid_header_font_size":"24px","show_carousel_item_2":true,"show_vendor":false,"widget_bg_colour":"#1D1F20","sm_twitter_link":"http://www.twitter.com","show_carousel_item_3":true,"customer_layout":"theme","product_name_font_size":"24px","show_header_search":true,"dropdown_brd_colour":"#c5c3b3","content_bg_colour":"#282C2E","show_carousel_item_4":false,"carousel_item_1_link":"","widget_linklist1":"","carousel_button_hover_colour":"#1D1F20","widget_link_colour":"#fcf3c1","show_carousel":false,"show_carousel_item_5":false,"grid_bg_colour":"#3A3D3F","widget_linklist2":"","textwidget_content":"Lorem ipsum dolor sit amet, consectetur adipiscing elit. Aenean pharetra, ligula non mollis pretium, lectus libero sodales augue, interdum auctor mauris dui non risus. Nulla facilisi. Nunc rutrum diam in elit sagittis eget viverra erat viverra. Morbi imperdiet aliquet libero vel rhoncus. Integer.","home_featured_product_font_style":"normal","show_carousel_item_6":false,"footer_link_hover_colour":"#ffffff","vendors_widget_title":"Vendors","carousel_button_colour":"#3A3D3F","grid_price_background_colour":"#575A5B","btn_hover_text_colour":"#554B60","grid_price_colour":"#ffffff","nav_divider_colour":"#554B60","product_price_colour":"#FCF3C1","share_prod_on_twitter":true,"sm_colour":"white","home_featured_header_show":false,"widget_linklist3":"","home_featured_product_font_size":"24px","productspg_featured_collection":"frontpage","use_diagonal":true,"general_font":"Helvetica, Arial, sans-serif","share_prod_on_facebook":true,"carousel_arrow_colour":"#afafaf","sm_flickr_link":"http://www.flickr.com","footer_linklist":"footer","carousel_item_4_link":"","comment_author_colour":"#FCF3C1","product_name_font_style":"normal","sm_youtube":true,"bg_colour":"#282C2E","grid_header_font_style":"normal","btn_colour":"#554B60","logo_colour":"#282C2E","header_font_size":"48px","share_prod_on_googleplus":false,"cart_divider_colour":"#444444","carousel_arrow_hover_colour":"#ffffff","show_allcollections_widget":true,"show_widget_linklist1":false,"home_featured_collection":"frontpage","nav_hover_colour":"#282c2e","show_widget_linklist2":false,"carousel_height":"300","comment_date_colour":"#3A3D3F","sale_background_color":"#444444","sale_text_color":"#ffffff"}},"current":{"content_bg_colour":"#f6f6f6","content_header_colour":"#333333","content_text_colour":"#666666","content_link_colour":"#666666","content_link_hover_colour":"#6db038","content_secondary_colour":"#dddddd","cart_header_colour":"#d6d6d6","sale_background_color":"#444444","sale_text_color":"#ffffff","header_font":"BebasNeueRegular, arial, sans-serif","general_font":"Helvetica, Arial, sans-serif","general_font_size":"13px","btn_colour":"#666666","btn_text_colour":"#ffffff","btn_hover_colour":"#6db038","btn_hover_text_colour":"#ffffff","use_diagonal":true,"diagonal_colour":"diagonal-light-grey.png","body_bg_img":"none","body_bg_alignment":"center","bg_colour":"#ffffff","logo_image":"nologo.png","logo_colour":"#333333","logo_hover_colour":"#6db038","header_font_size":"48px","header_font_style":"normal","cart_bg_colour":"#eeeeee","cart_link_colour":"#666666","cart_link_hover_colour":"#6db038","cart_divider_colour":"#cccccc","cart_icon_colour":"black","nav_font_size":"24px","nav_font_style":"normal","nav_link_colour":"#666666","nav_hover_colour":"#6db038","nav_divider_colour":"#dddddd","dropdown_bg_colour":"#ffffff","dropdown_brd_colour":"#dddddd","show_header_search":false,"header_search_border_colour":"#dddddd","search_icon_colour":"black","home_page":"","feature_collections_on_homepage":false,"feature_collections_on_homepage_heading":"Shop by categories","use_linklist_for_categories":false,"linklist_for_categories":"","home_featured_product_font_size":"24px","home_featured_product_font_style":"normal","home_featured_collection":"frontpage","home_featured_header_show":false,"show_featured_desc":true,"home_products_collection":"","home_products_limit":"4","show_carousel":false,"carousel_height":"300","carousel_button_colour":"#ffffff","carousel_arrow_colour":"#cccccc","carousel_button_hover_colour":"#dddddd","carousel_arrow_hover_colour":"#666666","show_carousel_dots":false,"carousel_dots_colour":"#000000","carousel_dots_active_colour":"#bbbbbb","show_carousel_item_1":true,"carousel_item_1_link":"","show_carousel_item_2":true,"carousel_item_2_link":"","show_carousel_item_3":true,"carousel_item_3_link":"","show_carousel_item_4":false,"carousel_item_4_link":"","show_carousel_item_5":false,"carousel_item_5_link":"","show_carousel_item_6":false,"carousel_item_6_link":"","show_right_column":false,"widget_title_colour":"#333333","widget_title_font_size":"24px","widget_title_font_style":"normal","widget_text_colour":"#666666","widget_bg_colour":"#ffffff","widget_link_colour":"#333333","widget_link_hover_colour":"#6db038","widget_divider_colour":"#cccccc","textwidget_visible":false,"textwidget_title":"Welcome","textwidget_content":"Lorem ipsum dolor sit amet, consectetur adipiscing elit. Aenean pharetra, ligula non mollis pretium, lectus libero sodales augue, interdum auctor mauris dui non risus. Nulla facilisi. Nunc rutrum diam in elit sagittis eget viverra erat viverra. Morbi imperdiet aliquet libero vel rhoncus. Integer.","twitterwidget_visible":true,"twitterwidget_title":"Latest Tweets","twitterwidget_username":"shopify","twitterwidget_numtweets":"4","show_allcollections_widget":true,"allcollections_title":"Product Categories","show_vendors_widget":false,"vendors_widget_title":"Vendors","show_widget_linklist1":false,"widget_linklist1":"","show_widget_linklist2":false,"widget_linklist2":"","show_widget_linklist3":false,"widget_linklist3":"","grid_header_colour":"#666666","grid_header_font_size":"24px","grid_header_font_style":"normal","grid_bg_colour":"#f6f6f6","grid_text_colour":"#666666","grid_link_colour":"#333333","grid_link_hover_colour":"#6db038","grid_price_colour":"#333333","grid_price_background_colour":"#ffffff","show_vendor":false,"main_image_display":"Zoom-in","product_name_font_size":"24px","product_name_font_style":"bold italic","added_to_cart_bg":"#fff7a0","product_price_colour":"#6db038","share_prod_on_twitter":true,"share_prod_on_facebook":true,"share_prod_on_googleplus":false,"productspg_related_products":true,"productspg_featured_collection":"frontpage","productspg_featured_collection_heading":"","productspg_featured_limit":"4","allow_note":true,"comment_bg":"#ffffff","comment_text_colour":"#666666","comment_author_colour":"#333333","comment_date_colour":"#cccccc","footer_bg_colour":"#ffffff","footer_txt_colour":"#999999","footer_link_colour":"#999999","footer_link_hover_colour":"#6db038","footer_linklist":"footer","sm_colour":"black","sm_facebook":true,"sm_facebook_link":"http://www.facebook.com","sm_twitter":true,"sm_twitter_link":"http://www.twitter.com","sm_youtube":true,"sm_youtube_link":"http://www.youtube.com","sm_flickr":true,"sm_flickr_link":"http://www.flickr.com","sm_vimeo":false,"sm_vimeo_link":"http://www.vimeo.com","show_amex":true,"show_discover":true,"show_visa":true,"show_mastercard":true,"show_maestro":true,"show_cirrus":true,"show_paypal":true,"show_google":true,"customer_layout":"theme"}}